﻿<?xml version="1.0" encoding="utf-8"?>
<?xml-stylesheet type="text/xsl" href="file:///C:/PROGRAM FILES (X86)/MICROSOFT VISUAL STUDIO 11.0/COMMON7/IDE/EXTENSIONS/MICROSOFT/ARCHITECTURE TOOLS/EXTENSIBILITY/Logging/ReverseEngineeringLog.xslt"?>
<Log xmlns="http://schemas.microsoft.com/VisualStudio/2010/CodeGen.RE.Log" Label="Code Generation/Text Transformation Log">
  <MessageClass Name="Message" Label="Message" Option="Show informational messages" />
  <MessageClass Name="Warning" Label="Warning" Option="Show warnings" />
  <MessageClass Name="Error" Label="Error" Option="Show errors" />
  <MessageClass Name="Property" Label="Property" Option="Show metadata" />
  <MessageClass Name="Diagnostic" Label="Message" Option="Show diagnostic messages" />
  <Message Timestamp="2014-03-17T12:02:09" Importance="High" Text="Reverse Engineering Started." />
  <Error Timestamp="2014-03-17T12:02:09" Importance="High" Text="Length cannot be less than zero.&#xD;&#xA;Parameter name: length Reverse engineer process was stopped." />
  <Message Timestamp="2014-03-17T12:02:09" Importance="Diagnostic" Text="Element reverse engineered into the UML model: 'ModelingProject::Command' -  (Package)" />
  <Message Timestamp="2014-03-17T12:02:09" Importance="High" Text="(0) type(s) fully reverse engineered." />
  <Message Timestamp="2014-03-17T12:02:09" Importance="High" Text="The reverse engineering operation completed with (1) error(s), and (0) warning(s)." />
</Log>